{"stats":{"minecraft:mined":{"minecraft:dead_bush":1},"minecraft:custom":{"minecraft:jump":61,"minecraft:time_since_rest":4361,"enigmaticlegacy:play_time_with_seven_curses":0,"minecraft:walk_on_water_one_cm":1249,"minecraft:sprint_one_cm":4165,"minecraft:play_time":4361,"minecraft:damage_taken":50,"minecraft:time_since_death":4361,"minecraft:walk_one_cm":1296,"minecraft:sneak_time":6,"enigmaticlegacy:play_time_without_seven_curses":4361,"minecraft:total_world_time":4361,"minecraft:walk_under_water_one_cm":394,"minecraft:swim_one_cm":9462,"minecraft:fall_one_cm":2533,"minecraft:fly_one_cm":12688}},"DataVersion":3465}